lat,lon,label,source,water_level_cm
15.950132,108.182406,0,pseudo_absence_hard,
15.950307,108.187727,0,pseudo_absence_easy,
15.9508,108.191309,0,pseudo_absence_easy,
15.951375,108.172677,0,pseudo_absence_hard,
15.951381,108.1886,0,pseudo_absence_easy,
15.951681,108.170398,0,pseudo_absence_easy,
15.952277,108.22522,0,pseudo_absence_easy,
15.9525,108.215863,0,pseudo_absence_easy,
15.95275,108.175749,0,pseudo_absence_hard,
15.952944,108.216421,0,pseudo_absence_easy,
15.953063,108.149919,0,pseudo_absence_easy,
15.953159,108.180503,0,pseudo_absence_hard,
15.953328,108.193718,0,pseudo_absence_easy,
15.953391,108.145255,0,pseudo_absence_easy,
15.95362,108.097341,0,pseudo_absence_easy,
15.953632,108.180856,0,pseudo_absence_hard,
15.953997,108.079728,0,pseudo_absence_easy,
15.954455,108.140203,0,pseudo_absence_easy,
15.954532,108.160854,0,pseudo_absence_easy,
15.954752,108.207503,0,pseudo_absence_easy,
15.95513,108.13156,0,pseudo_absence_easy,
15.955318,108.0884,0,pseudo_absence_easy,
15.95551,108.099944,0,pseudo_absence_easy,
15.955619,108.152894,0,pseudo_absence_easy,
15.955692,108.176198,0,pseudo_absence_hard,
15.956127,108.16691,0,pseudo_absence_easy,
15.956597,108.146342,0,pseudo_absence_easy,
15.956784,108.169469,0,pseudo_absence_hard,
15.957775,108.168756,0,pseudo_absence_hard,
15.958116,108.084448,0,pseudo_absence_easy,
15.958371,108.16206,0,pseudo_absence_easy,
15.958552,108.075851,0,pseudo_absence_easy,
15.95883,108.189258,0,pseudo_absence_hard,
15.958938,108.159179,0,pseudo_absence_easy,
15.959317,108.167774,0,pseudo_absence_hard,
15.959562,108.182823,0,pseudo_absence_hard,
15.959574,108.16708,0,pseudo_absence_hard,
15.960125,108.148015,0,pseudo_absence_easy,
15.960152,108.159728,0,pseudo_absence_easy,
15.960556,108.207571,0,pseudo_absence_easy,
15.961168,108.217808,0,pseudo_absence_easy,
15.961347,108.134831,0,pseudo_absence_easy,
15.961427,108.170576,0,pseudo_absence_hard,
15.96145,108.21313,0,pseudo_absence_easy,
15.961599,108.193108,0,pseudo_absence_easy,
15.961637,108.160241,0,pseudo_absence_hard,
15.961689,108.172903,0,pseudo_absence_hard,
15.961872,108.149308,0,pseudo_absence_hard,
15.961887,108.130179,0,pseudo_absence_easy,
15.963021,108.180531,0,pseudo_absence_hard,
15.963096,108.090314,0,pseudo_absence_easy,
15.963191,108.143546,0,pseudo_absence_easy,
15.963364,108.202557,0,pseudo_absence_easy,
15.963387,108.148606,0,pseudo_absence_hard,
15.963439,108.179255,0,pseudo_absence_hard,
15.963571,108.166496,0,pseudo_absence_easy,
15.963762,108.154664,0,pseudo_absence_hard,
15.964028,108.177234,0,pseudo_absence_hard,
15.964394,108.168372,0,pseudo_absence_hard,
15.964493,108.154644,0,pseudo_absence_hard,
15.964581,108.180429,0,pseudo_absence_hard,
15.964619,108.208635,0,pseudo_absence_easy,
15.964863,108.227395,0,pseudo_absence_easy,
15.964865,108.194504,0,pseudo_absence_easy,
15.96489,108.162596,0,pseudo_absence_hard,
15.965117,108.1894,0,pseudo_absence_hard,
15.965229,108.158343,0,pseudo_absence_hard,
15.96537,108.147013,0,pseudo_absence_hard,
15.96542,108.18925,0,pseudo_absence_hard,
15.965661,108.191448,0,pseudo_absence_hard,
15.966143,108.216213,0,pseudo_absence_easy,
15.966343,108.187099,0,pseudo_absence_hard,
15.967272,108.197077,0,pseudo_absence_hard,
15.967603,108.171746,0,pseudo_absence_hard,
15.967979,108.088491,0,pseudo_absence_easy,
15.968044,108.201575,0,pseudo_absence_hard,
15.968555,108.165192,0,pseudo_absence_hard,
15.968852,108.130386,0,pseudo_absence_easy,
15.968856,108.211768,0,pseudo_absence_easy,
15.96894,108.161563,0,pseudo_absence_hard,
15.969376,108.169487,0,pseudo_absence_easy,
15.969396,108.144577,0,pseudo_absence_hard,
15.969689,108.174148,0,pseudo_absence_hard,
15.969787,108.161518,0,pseudo_absence_hard,
15.96985,108.19758,0,pseudo_absence_hard,
15.97011,108.166254,0,pseudo_absence_hard,
15.97026,108.167332,0,pseudo_absence_easy,
15.970441,108.130984,0,pseudo_absence_easy,
15.970523,108.201549,0,pseudo_absence_hard,
15.970774,108.204447,0,pseudo_absence_hard,
15.970819,108.092218,0,pseudo_absence_easy,
15.971159,108.196911,0,pseudo_absence_hard,
15.971327,108.094073,0,pseudo_absence_easy,
15.971347,108.160306,0,pseudo_absence_hard,
15.97153,108.114403,0,pseudo_absence_easy,
15.972047,108.176441,0,pseudo_absence_hard,
15.972053,108.268644,0,pseudo_absence_easy,
15.972103,108.272445,0,pseudo_absence_easy,
15.972574,108.128092,0,pseudo_absence_easy,
15.972588,108.188385,0,pseudo_absence_hard,
15.972722,108.079461,0,pseudo_absence_easy,
15.972877,108.083026,0,pseudo_absence_easy,
15.972898,108.149638,0,pseudo_absence_hard,
15.973087,108.143414,0,pseudo_absence_easy,
15.973132,108.085399,0,pseudo_absence_easy,
15.973155,108.191605,0,pseudo_absence_hard,
15.973399,108.192483,0,pseudo_absence_hard,
15.973405,108.268751,0,pseudo_absence_easy,
15.973614,108.081416,0,pseudo_absence_easy,
15.973692,108.082723,0,pseudo_absence_easy,
15.974076,108.245956,0,pseudo_absence_easy,
15.974081,108.172456,0,pseudo_absence_easy,
15.974123,108.169854,0,pseudo_absence_hard,
15.974162,108.085085,0,pseudo_absence_easy,
15.974178,108.24574,0,pseudo_absence_easy,
15.974295,108.205768,0,pseudo_absence_hard,
15.974383,108.184293,0,pseudo_absence_hard,
15.974384,108.068518,0,pseudo_absence_easy,
15.974446,108.208287,0,pseudo_absence_easy,
15.974484,108.243003,0,pseudo_absence_easy,
15.974548,108.16791,0,pseudo_absence_hard,
15.974594,108.152512,0,pseudo_absence_hard,
15.974742,108.165557,0,pseudo_absence_hard,
15.974764,108.079501,0,pseudo_absence_easy,
15.974872,108.153544,0,pseudo_absence_hard,
15.97489,108.233782,0,pseudo_absence_easy,
15.974936,108.16995,0,pseudo_absence_hard,
15.974951,108.162063,0,pseudo_absence_hard,
15.975106,108.263096,0,pseudo_absence_easy,
15.975492,108.24358,0,pseudo_absence_easy,
15.975538,108.236504,0,pseudo_absence_easy,
15.975664,108.164637,0,pseudo_absence_hard,
15.975927,108.150839,0,pseudo_absence_hard,
15.976095,108.076154,0,pseudo_absence_easy,
15.976109,108.120308,0,pseudo_absence_easy,
15.976471,108.174483,0,pseudo_absence_hard,
15.976491,108.148408,0,pseudo_absence_hard,
15.976516,108.144135,0,pseudo_absence_hard,
15.976558,108.148184,0,pseudo_absence_hard,
15.976694,108.117634,0,pseudo_absence_easy,
15.97677,108.21039,0,pseudo_absence_easy,
15.976954,108.20619,0,pseudo_absence_hard,
15.977183,108.179144,0,pseudo_absence_hard,
15.977438,108.142318,0,pseudo_absence_hard,
15.977469,108.250146,0,pseudo_absence_easy,
15.977493,108.190485,0,pseudo_absence_hard,
15.977537,108.265454,0,pseudo_absence_easy,
15.977563,108.166375,0,pseudo_absence_hard,
15.977957,108.174704,0,pseudo_absence_hard,
15.97834,108.245075,0,pseudo_absence_easy,
15.978689,108.183347,0,pseudo_absence_hard,
15.978762,108.178939,0,pseudo_absence_hard,
15.979068,108.188168,0,pseudo_absence_hard,
15.979071,108.178061,0,pseudo_absence_hard,
15.97915,108.16617,0,pseudo_absence_hard,
15.979154,108.145988,0,pseudo_absence_hard,
15.979281,108.272698,0,pseudo_absence_easy,
15.979463,108.144763,0,pseudo_absence_hard,
15.979467,108.195671,0,pseudo_absence_hard,
15.979632,108.197064,0,pseudo_absence_hard,
15.979718,108.076245,0,pseudo_absence_easy,
15.979862,108.177042,0,pseudo_absence_hard,
15.980078,108.130554,0,pseudo_absence_easy,
15.980089,108.175052,0,pseudo_absence_hard,
15.980139,108.177048,0,pseudo_absence_hard,
15.980394,108.248409,0,pseudo_absence_easy,
15.980572,108.106727,0,pseudo_absence_easy,
15.980577,108.064956,0,pseudo_absence_easy,
15.980671,108.179729,0,pseudo_absence_hard,
15.980954,108.149661,0,pseudo_absence_hard,
15.981069,108.234379,0,pseudo_absence_easy,
15.981267,108.246723,0,pseudo_absence_easy,
15.98139,108.206827,0,pseudo_absence_easy,
15.981625,108.200851,0,pseudo_absence_hard,
15.982046,108.108999,0,pseudo_absence_easy,
15.982086,108.064576,0,pseudo_absence_easy,
15.982248,108.265158,0,pseudo_absence_hard,
15.982377,108.176618,0,pseudo_absence_hard,
15.982439,108.267852,0,pseudo_absence_hard,
15.982507,108.094377,0,pseudo_absence_easy,
15.982548,108.231429,0,pseudo_absence_easy,
15.982656,108.14222,0,pseudo_absence_hard,
15.982683,108.24343,0,pseudo_absence_easy,
15.983016,108.179938,0,pseudo_absence_hard,
15.98312,108.278112,0,pseudo_absence_easy,
15.983145,108.087344,0,pseudo_absence_easy,
15.98318,108.207708,0,pseudo_absence_easy,
15.983237,108.07293,0,pseudo_absence_easy,
15.983263,108.060951,0,pseudo_absence_easy,
15.98334,108.150327,0,pseudo_absence_hard,
15.983404,108.261586,0,pseudo_absence_hard,
15.983766,108.198045,0,pseudo_absence_hard,
15.983821,108.279465,0,pseudo_absence_easy,
15.983885,108.091372,0,pseudo_absence_easy,
15.98399,108.217083,0,pseudo_absence_easy,
15.984182,108.274249,0,pseudo_absence_easy,
15.984231,108.267273,0,pseudo_absence_hard,
15.984345,108.079376,0,pseudo_absence_easy,
15.984476,108.165469,0,pseudo_absence_hard,
15.98454,108.262447,0,pseudo_absence_hard,
15.984546,108.249204,0,pseudo_absence_easy,
15.984671,108.123755,0,pseudo_absence_easy,
15.98474,108.273628,0,pseudo_absence_hard,
15.984859,108.114363,0,pseudo_absence_easy,
15.984963,108.181909,0,pseudo_absence_hard,
15.984971,108.149042,0,pseudo_absence_hard,
15.984982,108.201633,0,pseudo_absence_hard,
15.984988,108.065083,0,pseudo_absence_easy,
15.985032,108.165981,0,pseudo_absence_hard,
15.985063,108.061162,0,pseudo_absence_easy,
15.985284,108.182164,0,pseudo_absence_hard,
15.98547,108.215727,0,pseudo_absence_easy,
15.985671,108.259793,0,pseudo_absence_hard,
15.985798,108.263598,0,pseudo_absence_hard,
15.985927,108.061279,0,pseudo_absence_easy,
15.985982,108.113682,0,pseudo_absence_easy,
15.985996,108.06688,0,pseudo_absence_easy,
15.986041,108.13882,0,pseudo_absence_hard,
15.986464,108.159838,0,pseudo_absence_hard,
15.986465,108.260614,0,pseudo_absence_hard,
15.986638,108.274189,0,pseudo_absence_hard,
15.986762,108.218826,0,pseudo_absence_easy,
15.986793,108.125378,0,pseudo_absence_easy,
15.98681,108.279349,0,pseudo_absence_easy,
15.986815,108.170878,0,pseudo_absence_hard,
15.987116,108.236191,0,pseudo_absence_easy,
15.987204,108.252063,0,pseudo_absence_easy,
15.987215,108.268885,0,pseudo_absence_hard,
15.987394,108.252242,0,pseudo_absence_easy,
15.987522,108.265691,0,pseudo_absence_hard,
15.987568,108.181515,0,pseudo_absence_hard,
15.987921,108.188761,0,pseudo_absence_hard,
15.988565,108.240981,0,pseudo_absence_easy,
15.988859,108.071927,0,pseudo_absence_easy,
15.98903,108.268133,0,pseudo_absence_hard,
15.989033,108.246662,0,pseudo_absence_easy,
15.989152,108.088939,0,pseudo_absence_easy,
15.989293,108.14458,0,pseudo_absence_hard,
15.989305,108.126117,0,pseudo_absence_easy,
15.989652,108.055807,0,pseudo_absence_easy,
15.989755,108.168483,0,pseudo_absence_hard,
15.989789,108.187222,0,pseudo_absence_hard,
15.989924,108.262749,0,pseudo_absence_hard,
15.98995,108.157832,0,pseudo_absence_hard,
15.990481,108.068015,0,pseudo_absence_easy,
15.990703,108.067963,0,pseudo_absence_easy,
15.990727,108.256104,0,pseudo_absence_hard,
15.990838,108.276527,0,pseudo_absence_hard,
15.990917,108.176055,0,pseudo_absence_hard,
15.990961,108.24133,0,pseudo_absence_hard,
15.990983,108.11167,0,pseudo_absence_easy,
15.991128,108.166871,0,pseudo_absence_hard,
15.991128,108.249378,0,pseudo_absence_easy,
15.991411,108.160013,0,pseudo_absence_hard,
15.991434,108.243948,0,pseudo_absence_hard,
15.991571,108.165245,0,pseudo_absence_hard,
15.99163,108.14348,0,pseudo_absence_hard,
15.991732,108.06664,0,pseudo_absence_easy,
15.991745,108.218213,0,pseudo_absence_easy,
15.991776,108.142247,0,pseudo_absence_hard,
15.991904,108.202631,0,pseudo_absence_hard,
15.992185,108.252741,0,pseudo_absence_easy,
15.992202,108.200777,0,pseudo_absence_hard,
15.992215,108.081507,0,pseudo_absence_easy,
15.992408,108.197786,0,pseudo_absence_hard,
15.992472,108.240105,0,pseudo_absence_hard,
15.99268,108.207821,0,pseudo_absence_hard,
15.992873,108.20021,0,pseudo_absence_hard,
15.992906,108.11769,0,pseudo_absence_easy,
15.993173,108.20355,0,pseudo_absence_hard,
15.99337,108.106398,0,pseudo_absence_easy,
15.993649,108.186514,0,pseudo_absence_hard,
15.994001,108.146272,0,pseudo_absence_hard,
15.994037,108.181693,0,pseudo_absence_hard,
15.99422,108.202886,0,pseudo_absence_hard,
15.994364,108.055785,0,pseudo_absence_easy,
15.99447,108.270544,0,pseudo_absence_hard,
15.99449,108.190966,0,pseudo_absence_hard,
15.994534,108.05871,0,pseudo_absence_easy,
15.994631,108.256653,0,pseudo_absence_hard,
15.995158,108.084942,0,pseudo_absence_easy,
15.995434,108.205677,0,pseudo_absence_hard,
15.995518,108.218688,0,pseudo_absence_easy,
15.995551,108.06741,0,pseudo_absence_easy,
15.995645,108.153588,0,pseudo_absence_hard,
15.995952,108.176136,0,pseudo_absence_hard,
15.996237,108.141048,0,pseudo_absence_hard,
15.996613,108.14493,0,pseudo_absence_hard,
15.996632,108.164101,0,pseudo_absence_easy,
15.996647,108.239992,0,pseudo_absence_hard,
15.996818,108.058961,0,pseudo_absence_easy,
15.997027,108.227852,0,pseudo_absence_hard,
15.997077,108.10681,0,pseudo_absence_easy,
15.997101,108.055701,0,pseudo_absence_easy,
15.997168,108.100601,0,pseudo_absence_easy,
15.997183,108.082341,0,pseudo_absence_easy,
15.997344,108.270519,0,pseudo_absence_hard,
15.997474,108.145836,0,pseudo_absence_hard,
15.997495,108.103646,0,pseudo_absence_easy,
15.997822,108.153065,0,pseudo_absence_hard,
15.998109,108.216145,0,pseudo_absence_hard,
15.998135,108.262245,0,pseudo_absence_hard,
15.998167,108.144286,0,pseudo_absence_hard,
15.9983,108.268215,0,pseudo_absence_hard,
15.998415,108.248808,0,pseudo_absence_hard,
15.998518,108.233438,0,pseudo_absence_hard,
15.998565,108.180058,0,pseudo_absence_hard,
15.998641,108.148232,0,pseudo_absence_hard,
15.999091,108.264215,0,pseudo_absence_hard,
15.999368,108.25916,0,pseudo_absence_hard,
15.999438,108.255781,0,pseudo_absence_easy,
15.999814,108.246177,0,pseudo_absence_hard,
15.99999,108.148178,0,pseudo_absence_hard,
16.000107,108.209484,0,pseudo_absence_hard,
16.00013,108.062914,0,pseudo_absence_easy,
16.000176,108.132465,0,pseudo_absence_easy,
16.000193,108.174412,0,pseudo_absence_hard,
16.000204,108.26165,0,pseudo_absence_hard,
16.000241,108.246735,0,pseudo_absence_hard,
16.000546,108.113109,0,pseudo_absence_easy,
16.000662,108.230936,0,pseudo_absence_hard,
16.000809,108.173901,0,pseudo_absence_hard,
16.000879,108.203684,0,pseudo_absence_hard,
16.000974,108.071203,0,pseudo_absence_easy,
16.001056,108.262433,0,pseudo_absence_hard,
16.001273,108.148364,0,pseudo_absence_hard,
16.001278,108.080458,0,pseudo_absence_easy,
16.001333,108.209891,0,pseudo_absence_hard,
16.001433,108.224342,0,pseudo_absence_hard,
16.001499,108.198421,0,pseudo_absence_hard,
16.001637,108.105199,0,pseudo_absence_easy,
16.001697,108.197519,0,pseudo_absence_hard,
16.001731,108.062142,0,pseudo_absence_easy,
16.001738,108.125482,0,pseudo_absence_easy,
16.00186,108.097133,0,pseudo_absence_easy,
16.001878,108.260664,0,pseudo_absence_hard,
16.002239,108.05725,0,pseudo_absence_easy,
16.002387,108.081819,0,pseudo_absence_easy,
16.002565,108.061844,0,pseudo_absence_easy,
16.002644,108.102943,0,pseudo_absence_easy,
16.0028,108.174245,0,pseudo_absence_hard,
16.002843,108.26518,0,pseudo_absence_hard,
16.003243,108.176798,0,pseudo_absence_hard,
16.003283,108.173516,0,pseudo_absence_hard,
16.003514,108.106992,0,pseudo_absence_easy,
16.003573,108.0601,0,pseudo_absence_easy,
16.003592,108.246858,0,pseudo_absence_hard,
16.003845,108.136717,0,pseudo_absence_easy,
16.003966,108.272091,0,pseudo_absence_easy,
16.003993,108.18365,0,pseudo_absence_hard,
16.004256,108.176919,0,pseudo_absence_hard,
16.00444,108.259153,0,pseudo_absence_easy,
16.004484,108.240648,0,pseudo_absence_hard,
16.004633,108.219294,0,pseudo_absence_hard,
16.004678,108.178185,0,pseudo_absence_hard,
16.004707,108.25329,0,pseudo_absence_easy,
16.004793,108.078526,0,pseudo_absence_easy,
16.004949,108.075099,0,pseudo_absence_easy,
16.005036,108.236817,0,pseudo_absence_hard,
16.005285,108.063202,0,pseudo_absence_easy,
16.005455,108.187154,0,pseudo_absence_hard,
16.005489,108.249687,0,pseudo_absence_hard,
16.005497,108.095221,0,pseudo_absence_easy,
16.005576,108.162762,0,pseudo_absence_easy,
16.00561,108.178183,0,pseudo_absence_hard,
16.005624,108.248418,0,pseudo_absence_hard,
16.005883,108.210701,0,pseudo_absence_hard,
16.005908,108.154222,0,pseudo_absence_easy,
16.005972,108.25547,0,pseudo_absence_hard,
16.006005,108.199857,0,pseudo_absence_hard,
16.006046,108.169023,0,pseudo_absence_hard,
16.006217,108.065132,0,pseudo_absence_easy,
16.006465,108.077961,0,pseudo_absence_easy,
16.006481,108.127584,0,pseudo_absence_easy,
16.006789,108.171665,0,pseudo_absence_hard,
16.006929,108.188814,0,pseudo_absence_hard,
16.007014,108.239911,0,pseudo_absence_hard,
16.007137,108.14432,0,pseudo_absence_hard,
16.007694,108.235111,0,pseudo_absence_hard,
16.007748,108.05454,0,pseudo_absence_easy,
16.008065,108.074966,0,pseudo_absence_easy,
16.008132,108.150512,0,pseudo_absence_hard,
16.00825,108.236193,0,pseudo_absence_hard,
16.008263,108.100631,0,pseudo_absence_easy,
16.008839,108.103069,0,pseudo_absence_easy,
16.008998,108.144497,0,pseudo_absence_hard,
16.009392,108.254557,0,pseudo_absence_hard,
16.009457,108.074447,0,pseudo_absence_easy,
16.009484,108.143616,0,pseudo_absence_hard,
16.009497,108.103269,0,pseudo_absence_easy,
16.009539,108.093249,0,pseudo_absence_easy,
16.009774,108.210792,0,pseudo_absence_hard,
16.009883,108.238643,0,pseudo_absence_hard,
16.009922,108.088606,0,pseudo_absence_easy,
16.010368,108.147569,0,pseudo_absence_hard,
16.011062,108.162408,0,pseudo_absence_easy,
16.011477,108.099977,0,pseudo_absence_easy,
16.011582,108.086946,0,pseudo_absence_easy,
16.011632,108.099551,0,pseudo_absence_easy,
16.0117,108.120153,0,pseudo_absence_easy,
16.01196,108.208089,0,pseudo_absence_hard,
16.012762,108.242547,0,pseudo_absence_hard,
16.012824,108.244351,0,pseudo_absence_hard,
16.01288,108.098148,0,pseudo_absence_easy,
16.013008,108.094309,0,pseudo_absence_easy,
16.013075,108.141345,0,pseudo_absence_hard,
16.013874,108.147274,0,pseudo_absence_hard,
16.01403,108.182135,0,pseudo_absence_hard,
16.014148,108.144459,0,pseudo_absence_hard,
16.014693,108.247684,0,pseudo_absence_hard,
16.015291,108.110188,0,pseudo_absence_easy,
16.015547,108.188753,0,pseudo_absence_hard,
16.015948,108.248881,0,pseudo_absence_hard,
16.016036,108.124091,0,pseudo_absence_easy,
16.016152,108.116467,0,pseudo_absence_easy,
16.01629,108.245571,0,pseudo_absence_hard,
16.016292,108.163474,0,pseudo_absence_easy,
16.016731,108.261068,0,pseudo_absence_hard,
16.016732,108.227023,0,pseudo_absence_hard,
16.017305,108.24521,0,pseudo_absence_hard,
16.017391,108.068514,0,pseudo_absence_easy,
16.017437,108.226257,0,pseudo_absence_hard,
16.01745,108.144184,0,pseudo_absence_hard,
16.017461,108.107063,0,pseudo_absence_easy,
16.017507,108.185435,0,pseudo_absence_hard,
16.01761,108.059243,0,pseudo_absence_easy,
16.017649,108.1404,0,pseudo_absence_easy,
16.017683,108.064872,0,pseudo_absence_easy,
16.017878,108.144301,0,pseudo_absence_hard,
16.017962,108.124736,0,pseudo_absence_easy,
16.018044,108.060063,0,pseudo_absence_easy,
16.01816,108.246889,0,pseudo_absence_hard,
16.018201,108.108485,0,pseudo_absence_easy,
16.018226,108.104407,0,pseudo_absence_easy,
16.018388,108.259346,0,pseudo_absence_hard,
16.01854,108.129498,0,pseudo_absence_easy,
16.018573,108.098872,0,pseudo_absence_easy,
16.019093,108.118706,0,pseudo_absence_easy,
16.019115,108.09866,0,pseudo_absence_easy,
16.019374,108.142393,0,pseudo_absence_hard,
16.019377,108.1296,0,pseudo_absence_easy,
16.019389,108.173322,0,pseudo_absence_hard,
16.019412,108.172878,0,pseudo_absence_hard,
16.019853,108.217453,0,pseudo_absence_hard,
16.020026,108.103582,0,pseudo_absence_easy,
16.020154,108.154066,0,pseudo_absence_easy,
16.020257,108.245553,0,pseudo_absence_hard,
16.020353,108.133041,0,pseudo_absence_easy,
16.020429,108.135823,0,pseudo_absence_easy,
16.020494,108.175261,0,pseudo_absence_hard,
16.020515,108.122057,0,pseudo_absence_easy,
16.020699,108.055287,0,pseudo_absence_easy,
16.020853,108.17465,0,pseudo_absence_hard,
16.021029,108.059661,0,pseudo_absence_easy,
16.02104,108.175165,0,pseudo_absence_hard,
16.021179,108.170281,0,pseudo_absence_hard,
16.021264,108.071678,0,pseudo_absence_easy,
16.021671,108.172652,0,pseudo_absence_hard,
16.022152,108.243604,0,pseudo_absence_hard,
16.022279,108.243234,0,pseudo_absence_hard,
16.022631,108.263351,0,pseudo_absence_easy,
16.022636,108.220332,0,pseudo_absence_hard,
16.022766,108.236248,0,pseudo_absence_hard,
16.022893,108.16668,0,pseudo_absence_easy,
16.02324,108.244336,0,pseudo_absence_hard,
16.02351,108.186137,0,pseudo_absence_hard,
16.023693,108.240255,0,pseudo_absence_hard,
16.024042,108.256694,0,pseudo_absence_hard,
16.024166,108.230054,0,pseudo_absence_hard,
16.024187,108.126489,0,pseudo_absence_easy,
16.024188,108.234143,0,pseudo_absence_hard,
16.024547,108.253941,0,pseudo_absence_hard,
16.024643,108.13662,0,pseudo_absence_easy,
16.024802,108.12645,0,pseudo_absence_easy,
16.025025,108.175628,0,pseudo_absence_hard,
16.025308,108.263004,0,pseudo_absence_easy,
16.025499,108.168926,0,pseudo_absence_easy,
16.025707,108.178783,0,pseudo_absence_hard,
16.025952,108.065516,0,pseudo_absence_easy,
16.026027,108.258065,0,pseudo_absence_hard,
16.026321,108.130123,0,pseudo_absence_easy,
16.02667,108.162052,0,pseudo_absence_easy,
16.026775,108.197447,0,pseudo_absence_hard,
16.027608,108.253031,0,pseudo_absence_hard,
16.027646,108.202693,0,pseudo_absence_hard,
16.027674,108.066383,0,pseudo_absence_easy,
16.028151,108.174256,0,pseudo_absence_hard,
16.028783,108.216741,0,pseudo_absence_hard,
16.028842,108.063818,0,pseudo_absence_easy,
16.028953,108.135148,0,pseudo_absence_easy,
16.029382,108.12926,0,pseudo_absence_easy,
16.029926,108.151985,0,pseudo_absence_easy,
16.030098,108.176016,0,pseudo_absence_hard,
16.030442,108.258677,0,pseudo_absence_hard,
16.03061,108.213064,0,pseudo_absence_hard,
16.030751,108.060038,0,pseudo_absence_easy,
16.031124,108.255734,0,pseudo_absence_hard,
16.032014,108.199445,0,pseudo_absence_hard,
16.032293,108.101455,0,pseudo_absence_easy,
16.032337,108.193705,0,pseudo_absence_hard,
16.032343,108.200183,0,pseudo_absence_hard,
16.032608,108.168222,0,pseudo_absence_hard,
16.032745,108.128462,0,pseudo_absence_easy,
16.033409,108.064486,0,pseudo_absence_easy,
16.033783,108.065954,0,pseudo_absence_easy,
16.033836,108.23089,0,pseudo_absence_hard,
16.034089,108.251443,0,pseudo_absence_hard,
16.034262,108.201077,0,pseudo_absence_hard,
16.03427,108.192042,0,pseudo_absence_hard,
16.034373,108.07366,0,pseudo_absence_easy,
16.034385,108.234746,0,pseudo_absence_hard,
16.034501,108.201591,0,pseudo_absence_hard,
16.034604,108.239996,0,pseudo_absence_hard,
16.034638,108.199846,0,pseudo_absence_hard,
16.034771,108.23083,0,pseudo_absence_hard,
16.034798,108.204892,0,pseudo_absence_hard,
16.034992,108.067826,0,pseudo_absence_easy,
16.035215,108.073518,0,pseudo_absence_easy,
16.035316,108.255308,0,pseudo_absence_hard,
16.035371,108.076474,0,pseudo_absence_easy,
16.035384,108.194805,0,pseudo_absence_hard,
16.035464,108.203652,0,pseudo_absence_hard,
16.035542,108.190543,0,pseudo_absence_hard,
16.035606,108.149109,0,pseudo_absence_easy,
16.035675,108.200499,0,pseudo_absence_hard,
16.036018,108.190668,0,pseudo_absence_hard,
16.036051,108.06652,0,pseudo_absence_easy,
16.03623,108.12562,0,pseudo_absence_easy,
16.036261,108.111051,0,pseudo_absence_easy,
16.036317,108.093866,0,pseudo_absence_easy,
16.036345,108.105039,0,pseudo_absence_easy,
16.036376,108.197686,0,pseudo_absence_hard,
16.036483,108.152196,0,pseudo_absence_easy,
16.036541,108.227476,0,pseudo_absence_hard,
16.036547,108.188225,0,pseudo_absence_hard,
16.036622,108.229516,0,pseudo_absence_hard,
16.03702,108.107553,0,pseudo_absence_easy,
16.03735,108.125336,0,pseudo_absence_easy,
16.037373,108.111517,0,pseudo_absence_easy,
16.037384,108.098796,0,pseudo_absence_easy,
16.037476,108.057514,0,pseudo_absence_easy,
16.037609,108.257049,0,pseudo_absence_hard,
16.037648,108.190093,0,pseudo_absence_hard,
16.03775,108.094035,0,pseudo_absence_easy,
16.037825,108.154405,0,pseudo_absence_easy,
16.038186,108.142886,0,pseudo_absence_easy,
16.038568,108.230459,0,pseudo_absence_hard,
16.039051,108.156471,0,pseudo_absence_easy,
16.03934,108.097119,0,pseudo_absence_easy,
16.039569,108.111425,0,pseudo_absence_easy,
16.039898,108.168117,0,pseudo_absence_hard,
16.039985,108.166439,0,pseudo_absence_hard,
16.04016,108.16565,0,pseudo_absence_hard,
16.040746,108.254459,0,pseudo_absence_hard,
16.040774,108.139421,0,pseudo_absence_easy,
16.040852,108.14862,0,pseudo_absence_hard,
16.041144,108.173209,0,pseudo_absence_hard,
16.041331,108.081452,0,pseudo_absence_easy,
16.041477,108.164113,0,pseudo_absence_hard,
16.041784,108.166913,0,pseudo_absence_hard,
16.041841,108.199111,0,pseudo_absence_hard,
16.041988,108.100141,0,pseudo_absence_easy,
16.042148,108.251548,0,pseudo_absence_hard,
16.042217,108.196401,0,pseudo_absence_hard,
16.042449,108.253761,0,pseudo_absence_hard,
16.042529,108.1427,0,pseudo_absence_easy,
16.04292,108.138334,0,pseudo_absence_easy,
16.043434,108.07632,0,pseudo_absence_easy,
16.043579,108.249143,0,pseudo_absence_hard,
16.04363,108.255782,0,pseudo_absence_hard,
16.044035,108.193717,0,pseudo_absence_hard,
16.044086,108.099452,0,pseudo_absence_easy,
16.044324,108.233655,0,pseudo_absence_hard,
16.044363,108.202515,0,pseudo_absence_hard,
16.044417,108.057704,0,pseudo_absence_easy,
16.044484,108.147516,0,pseudo_absence_easy,
16.044512,108.2667,0,pseudo_absence_easy,
16.045145,108.161848,0,pseudo_absence_hard,
16.045227,108.173377,0,pseudo_absence_hard,
16.045253,108.258781,0,pseudo_absence_easy,
16.045282,108.196041,0,pseudo_absence_hard,
16.04549,108.096898,0,pseudo_absence_easy,
16.045709,108.163127,0,pseudo_absence_hard,
16.045894,108.254014,0,pseudo_absence_hard,
16.046129,108.200343,0,pseudo_absence_hard,
16.046147,108.221512,0,pseudo_absence_hard,
16.046266,108.098075,0,pseudo_absence_easy,
16.046363,108.240377,0,pseudo_absence_hard,
16.046392,108.261668,0,pseudo_absence_easy,
16.046434,108.232421,0,pseudo_absence_hard,
16.046672,108.088403,0,pseudo_absence_easy,
16.046774,108.161172,0,pseudo_absence_hard,
16.046881,108.090485,0,pseudo_absence_easy,
16.046947,108.084499,0,pseudo_absence_easy,
16.047015,108.097368,0,pseudo_absence_easy,
16.047186,108.196057,0,pseudo_absence_hard,
16.047368,108.188646,0,pseudo_absence_hard,
16.047498,108.084303,0,pseudo_absence_easy,
16.047546,108.090938,0,pseudo_absence_easy,
16.047618,108.158243,0,pseudo_absence_hard,
16.048028,108.117021,0,pseudo_absence_easy,
16.048038,108.15783,0,pseudo_absence_hard,
16.048286,108.243088,0,pseudo_absence_hard,
16.048654,108.200856,0,pseudo_absence_hard,
16.048839,108.157489,0,pseudo_absence_hard,
16.049189,108.226961,0,pseudo_absence_hard,
16.049272,108.199182,0,pseudo_absence_hard,
16.049455,108.235583,0,pseudo_absence_hard,
16.049519,108.152285,0,pseudo_absence_easy,
16.049519,108.271036,0,pseudo_absence_easy,
16.04969,108.25366,0,pseudo_absence_easy,
16.049773,108.192792,0,pseudo_absence_hard,
16.049871,108.25853,0,pseudo_absence_easy,
16.049991,108.094089,0,pseudo_absence_easy,
16.050263,108.256573,0,pseudo_absence_easy,
16.050463,108.073617,0,pseudo_absence_easy,
16.050544,108.079918,0,pseudo_absence_easy,
16.050609,108.247561,0,pseudo_absence_hard,
16.050789,108.242548,0,pseudo_absence_hard,
16.05088,108.248251,0,pseudo_absence_hard,
16.050917,108.108142,0,pseudo_absence_easy,
16.05105,108.070012,0,pseudo_absence_easy,
16.051195,108.224981,0,pseudo_absence_hard,
16.051227,108.227504,0,pseudo_absence_hard,
16.051468,108.208442,0,pseudo_absence_hard,
16.051644,108.266856,0,pseudo_absence_easy,
16.051692,108.115615,0,pseudo_absence_easy,
16.051924,108.259061,0,pseudo_absence_easy,
16.052098,108.237338,0,pseudo_absence_hard,
16.05257,108.137008,0,pseudo_absence_easy,
16.052585,108.119528,0,pseudo_absence_easy,
16.052677,108.259346,0,pseudo_absence_easy,
16.052775,108.14409,0,pseudo_absence_easy,
16.052826,108.227236,0,pseudo_absence_hard,
16.052854,108.152167,0,pseudo_absence_easy,
16.052884,108.13616,0,pseudo_absence_easy,
16.052921,108.056633,0,pseudo_absence_easy,
16.053095,108.092823,0,pseudo_absence_easy,
16.053229,108.113777,0,pseudo_absence_easy,
16.053327,108.134614,0,pseudo_absence_easy,
16.053384,108.238376,0,pseudo_absence_hard,
16.05353,108.126916,0,pseudo_absence_easy,
16.05356,108.201803,0,pseudo_absence_hard,
16.053621,108.104676,0,pseudo_absence_easy,
16.053624,108.194215,0,pseudo_absence_hard,
16.053661,108.101348,0,pseudo_absence_easy,
16.053971,108.060237,0,pseudo_absence_easy,
16.054023,108.202202,0,pseudo_absence_hard,
16.054076,108.100384,0,pseudo_absence_easy,
16.054144,108.079738,0,pseudo_absence_easy,
16.054569,108.198568,0,pseudo_absence_hard,
16.054574,108.237496,0,pseudo_absence_hard,
16.054653,108.155684,0,pseudo_absence_easy,
16.054891,108.230858,0,pseudo_absence_hard,
16.055672,108.16745,0,pseudo_absence_hard,
16.055711,108.135601,0,pseudo_absence_easy,
16.055796,108.25569,0,pseudo_absence_easy,
16.055984,108.061044,0,pseudo_absence_easy,
16.055993,108.100446,0,pseudo_absence_easy,
16.056122,108.257399,0,pseudo_absence_easy,
16.056157,108.127664,0,pseudo_absence_easy,
16.056479,108.06263,0,pseudo_absence_easy,
16.056516,108.257437,0,pseudo_absence_easy,
16.056647,108.076851,0,pseudo_absence_easy,
16.056765,108.059041,0,pseudo_absence_easy,
16.05698,108.238523,0,pseudo_absence_hard,
16.05708,108.140384,0,pseudo_absence_easy,
16.057119,108.263195,0,pseudo_absence_easy,
16.057322,108.096902,0,pseudo_absence_easy,
16.057598,108.095232,0,pseudo_absence_easy,
16.057827,108.167489,0,pseudo_absence_hard,
16.058187,108.085977,0,pseudo_absence_easy,
16.058307,108.100467,0,pseudo_absence_easy,
16.058635,108.227561,0,pseudo_absence_hard,
16.058964,108.15072,0,pseudo_absence_easy,
16.059241,108.074789,0,pseudo_absence_easy,
16.059841,108.129582,0,pseudo_absence_easy,
16.060066,108.124219,0,pseudo_absence_easy,
16.060103,108.082939,0,pseudo_absence_easy,
16.060456,108.077286,0,pseudo_absence_easy,
16.060507,108.262633,0,pseudo_absence_easy,
16.060629,108.115176,0,pseudo_absence_easy,
16.060683,108.115087,0,pseudo_absence_easy,
16.06097,108.088321,0,pseudo_absence_easy,
16.061166,108.099646,0,pseudo_absence_easy,
16.061186,108.266364,0,pseudo_absence_easy,
16.061409,108.098874,0,pseudo_absence_easy,
16.061528,108.258132,0,pseudo_absence_easy,
16.061627,108.266536,0,pseudo_absence_easy,
16.061751,108.138013,0,pseudo_absence_easy,
16.06187,108.118201,0,pseudo_absence_easy,
16.062057,108.108634,0,pseudo_absence_easy,
16.062339,108.255646,0,pseudo_absence_easy,
16.062516,108.12233,0,pseudo_absence_easy,
16.06257,108.095375,0,pseudo_absence_easy,
16.062631,108.073189,0,pseudo_absence_easy,
16.06282,108.062365,0,pseudo_absence_easy,
16.062826,108.153143,0,pseudo_absence_easy,
16.062846,108.202601,0,pseudo_absence_hard,
16.062865,108.099109,0,pseudo_absence_easy,
16.063146,108.09245,0,pseudo_absence_easy,
16.063271,108.118147,0,pseudo_absence_easy,
16.063302,108.260897,0,pseudo_absence_easy,
16.063304,108.075751,0,pseudo_absence_easy,
16.06338,108.093837,0,pseudo_absence_easy,
16.063884,108.227633,0,pseudo_absence_hard,
16.063896,108.091152,0,pseudo_absence_easy,
16.063922,108.072931,0,pseudo_absence_easy,
16.064049,108.132316,0,pseudo_absence_easy,
16.06437,108.126884,0,pseudo_absence_easy,
16.064711,108.09826,0,pseudo_absence_easy,
16.064758,108.139342,0,pseudo_absence_easy,
16.064797,108.111315,0,pseudo_absence_easy,
16.064872,108.08886,0,pseudo_absence_easy,
16.065657,108.088571,0,pseudo_absence_easy,
16.065827,108.14583,0,pseudo_absence_easy,
16.066462,108.262983,0,pseudo_absence_easy,
16.066516,108.141584,0,pseudo_absence_easy,
16.066529,108.074203,0,pseudo_absence_easy,
16.067259,108.072512,0,pseudo_absence_easy,
16.068231,108.065779,0,pseudo_absence_easy,
16.068358,108.129285,0,pseudo_absence_easy,
16.06857,108.139668,0,pseudo_absence_easy,
16.0687,108.255553,0,pseudo_absence_easy,
16.068882,108.161254,0,pseudo_absence_easy,
16.069131,108.086131,0,pseudo_absence_easy,
16.070052,108.256814,0,pseudo_absence_easy,
16.07007,108.252997,0,pseudo_absence_easy,
16.070972,108.119506,0,pseudo_absence_easy,
16.071192,108.147877,0,pseudo_absence_easy,
16.071862,108.167251,0,pseudo_absence_hard,
16.07198,108.064527,0,pseudo_absence_easy,
16.072047,108.248947,0,pseudo_absence_easy,
16.072407,108.257778,0,pseudo_absence_easy,
16.072562,108.120977,0,pseudo_absence_easy,
16.072967,108.118357,0,pseudo_absence_easy,
16.072967,108.245684,0,pseudo_absence_easy,
16.072989,108.167058,0,pseudo_absence_hard,
16.07305,108.130099,0,pseudo_absence_easy,
16.07314,108.071123,0,pseudo_absence_easy,
16.073145,108.246516,0,pseudo_absence_easy,
16.073163,108.26162,0,pseudo_absence_easy,
16.073896,108.259429,0,pseudo_absence_easy,
16.074093,108.066792,0,pseudo_absence_easy,
16.074367,108.256697,0,pseudo_absence_easy,
16.074429,108.134714,0,pseudo_absence_easy,
16.074667,108.1657,0,pseudo_absence_easy,
16.075054,108.134869,0,pseudo_absence_easy,
16.07513,108.245726,0,pseudo_absence_easy,
16.075191,108.209402,0,pseudo_absence_hard,
16.075231,108.074244,0,pseudo_absence_easy,
16.075526,108.073544,0,pseudo_absence_easy,
16.076015,108.070289,0,pseudo_absence_easy,
16.076543,108.184305,0,pseudo_absence_hard,
16.076879,108.207907,0,pseudo_absence_hard,
16.076926,108.102734,0,pseudo_absence_easy,
16.077153,108.135591,0,pseudo_absence_easy,
16.077245,108.183181,0,pseudo_absence_hard,
16.077324,108.251191,0,pseudo_absence_easy,
16.077421,108.245501,0,pseudo_absence_easy,
16.077771,108.156245,0,pseudo_absence_easy,
16.078083,108.122271,0,pseudo_absence_easy,
16.078328,108.121099,0,pseudo_absence_easy,
16.078495,108.207916,0,pseudo_absence_hard,
16.078671,108.199011,0,pseudo_absence_hard,
16.078894,108.058975,0,pseudo_absence_easy,
16.078919,108.165233,0,pseudo_absence_easy,
16.079158,108.25109,0,pseudo_absence_easy,
16.079191,108.200986,0,pseudo_absence_hard,
16.079216,108.178512,0,pseudo_absence_hard,
16.079495,108.176494,0,pseudo_absence_hard,
16.079643,108.064308,0,pseudo_absence_easy,
16.079643,108.236517,0,pseudo_absence_easy,
16.079871,108.053484,0,pseudo_absence_easy,
16.079977,108.100522,0,pseudo_absence_easy,
16.080104,108.188248,0,pseudo_absence_hard,
16.080348,108.125949,0,pseudo_absence_easy,
16.080372,108.169966,0,pseudo_absence_hard,
16.080451,108.204979,0,pseudo_absence_hard,
16.08059,108.237991,0,pseudo_absence_easy,
16.080656,108.201563,0,pseudo_absence_hard,
16.080721,108.221524,0,pseudo_absence_hard,
16.080734,108.063892,0,pseudo_absence_easy,
16.080763,108.062241,0,pseudo_absence_easy,
16.08091,108.188395,0,pseudo_absence_hard,
16.081014,108.188276,0,pseudo_absence_hard,
16.081661,108.22453,0,pseudo_absence_easy,
16.082048,108.203595,0,pseudo_absence_hard,
16.082188,108.169033,0,pseudo_absence_easy,
16.082296,108.06299,0,pseudo_absence_easy,
16.0823,108.091328,0,pseudo_absence_easy,
16.082399,108.164927,0,pseudo_absence_easy,
16.0824,108.062708,0,pseudo_absence_easy,
16.082437,108.182692,0,pseudo_absence_hard,
16.082466,108.223274,0,pseudo_absence_easy,
16.082509,108.062279,0,pseudo_absence_easy,
16.082854,108.136433,0,pseudo_absence_easy,
16.08302,108.192808,0,pseudo_absence_easy,
16.083254,108.132892,0,pseudo_absence_easy,
16.083385,108.151597,0,pseudo_absence_easy,
16.083814,108.169376,0,pseudo_absence_easy,
16.084117,108.060024,0,pseudo_absence_easy,
16.084151,108.176582,0,pseudo_absence_hard,
16.084566,108.165432,0,pseudo_absence_easy,
16.084686,108.070184,0,pseudo_absence_easy,
16.085269,108.174229,0,pseudo_absence_hard,
16.085741,108.096976,0,pseudo_absence_easy,
16.085757,108.1693,0,pseudo_absence_easy,
16.086374,108.06027,0,pseudo_absence_easy,
16.086438,108.154825,0,pseudo_absence_easy,
16.086855,108.175795,0,pseudo_absence_hard,
16.086988,108.101703,0,pseudo_absence_easy,
16.087169,108.093795,0,pseudo_absence_easy,
16.087352,108.202747,0,pseudo_absence_easy,
16.087677,108.091925,0,pseudo_absence_easy,
16.08773,108.224547,0,pseudo_absence_easy,
16.088058,108.137391,0,pseudo_absence_easy,
16.088099,108.15199,0,pseudo_absence_easy,
16.088322,108.09798,0,pseudo_absence_easy,
16.088785,108.080689,0,pseudo_absence_easy,
16.088796,108.169064,0,pseudo_absence_easy,
16.089123,108.099186,0,pseudo_absence_easy,
16.089264,108.196611,0,pseudo_absence_easy,
16.089339,108.159497,0,pseudo_absence_easy,
16.089903,108.277266,0,pseudo_absence_easy,
16.090014,108.148752,0,pseudo_absence_easy,
16.090166,108.084949,0,pseudo_absence_easy,
16.090418,108.273122,0,pseudo_absence_easy,
16.090427,108.148092,0,pseudo_absence_easy,
16.090802,108.21075,0,pseudo_absence_easy,
16.090926,108.124846,0,pseudo_absence_easy,
16.091149,108.103037,0,pseudo_absence_easy,
16.091328,108.158774,0,pseudo_absence_easy,
16.091616,108.221141,0,pseudo_absence_easy,
16.091753,108.205448,0,pseudo_absence_easy,
16.091782,108.089403,0,pseudo_absence_easy,
16.091893,108.152953,0,pseudo_absence_easy,
16.092179,108.149235,0,pseudo_absence_easy,
16.092197,108.125988,0,pseudo_absence_easy,
16.092366,108.144648,0,pseudo_absence_easy,
16.092474,108.285269,0,pseudo_absence_easy,
16.092675,108.104089,0,pseudo_absence_easy,
16.092834,108.253505,0,pseudo_absence_easy,
16.092837,108.122729,0,pseudo_absence_easy,
16.093223,108.101755,0,pseudo_absence_easy,
16.093251,108.196781,0,pseudo_absence_easy,
16.093267,108.264746,0,pseudo_absence_easy,
16.093325,108.28128,0,pseudo_absence_easy,
16.093751,108.153952,0,pseudo_absence_easy,
16.093852,108.272414,0,pseudo_absence_easy,
16.093855,108.256793,0,pseudo_absence_easy,
16.093909,108.094193,0,pseudo_absence_easy,
16.093921,108.155442,0,pseudo_absence_easy,
16.094385,108.123693,0,pseudo_absence_easy,
16.09466,108.275638,0,pseudo_absence_easy,
16.094732,108.14823,0,pseudo_absence_easy,
16.094931,108.195279,0,pseudo_absence_easy,
16.095133,108.142728,0,pseudo_absence_easy,
16.095411,108.280243,0,pseudo_absence_easy,
16.095532,108.088572,0,pseudo_absence_easy,
16.095651,108.095883,0,pseudo_absence_easy,
16.095667,108.239478,0,pseudo_absence_easy,
16.095868,108.286423,0,pseudo_absence_easy,
16.095905,108.245145,0,pseudo_absence_easy,
16.096489,108.238833,0,pseudo_absence_easy,
16.096538,108.279334,0,pseudo_absence_easy,
16.096634,108.084205,0,pseudo_absence_easy,
16.098205,108.094817,0,pseudo_absence_easy,
16.098373,108.083638,0,pseudo_absence_easy,
16.098724,108.259224,0,pseudo_absence_easy,
16.099007,108.123689,0,pseudo_absence_easy,
16.099189,108.122459,0,pseudo_absence_easy,
16.099312,108.09366,0,pseudo_absence_easy,
16.099743,108.202185,0,pseudo_absence_easy,
16.099876,108.264393,0,pseudo_absence_easy,
16.099998,108.286506,0,pseudo_absence_easy,
16.100169,108.084582,0,pseudo_absence_easy,
16.100353,108.230778,0,pseudo_absence_easy,
16.100518,108.216078,0,pseudo_absence_easy,
16.100867,108.191734,0,pseudo_absence_easy,
16.101054,108.280421,0,pseudo_absence_easy,
16.101348,108.125441,0,pseudo_absence_easy,
16.101441,108.269178,0,pseudo_absence_easy,
16.101473,108.220105,0,pseudo_absence_easy,
16.101549,108.212308,0,pseudo_absence_easy,
16.101553,108.080938,0,pseudo_absence_easy,
16.101848,108.204679,0,pseudo_absence_easy,
16.101926,108.127581,0,pseudo_absence_easy,
16.102239,108.278168,0,pseudo_absence_easy,
16.102625,108.201504,0,pseudo_absence_easy,
16.102725,108.077144,0,pseudo_absence_easy,
16.103485,108.136918,0,pseudo_absence_easy,
16.103553,108.288062,0,pseudo_absence_easy,
16.103608,108.205887,0,pseudo_absence_easy,
16.103636,108.282671,0,pseudo_absence_easy,
16.103649,108.284035,0,pseudo_absence_easy,
16.104109,108.098781,0,pseudo_absence_easy,
16.104533,108.206503,0,pseudo_absence_easy,
16.10466,108.116744,0,pseudo_absence_easy,
16.104959,108.091841,0,pseudo_absence_easy,
16.105162,108.247863,0,pseudo_absence_easy,
16.105231,108.261959,0,pseudo_absence_easy,
16.105423,108.208071,0,pseudo_absence_easy,
16.105562,108.243489,0,pseudo_absence_easy,
16.105691,108.280837,0,pseudo_absence_easy,
16.105933,108.243727,0,pseudo_absence_easy,
16.106263,108.126176,0,pseudo_absence_easy,
16.106266,108.220647,0,pseudo_absence_easy,
16.106307,108.237152,0,pseudo_absence_easy,
16.106665,108.136516,0,pseudo_absence_easy,
16.106709,108.188865,0,pseudo_absence_easy,
16.10698,108.198458,0,pseudo_absence_easy,
16.10699,108.22408,0,pseudo_absence_easy,
16.107306,108.197729,0,pseudo_absence_easy,
16.107378,108.135347,0,pseudo_absence_easy,
16.107437,108.100495,0,pseudo_absence_easy,
16.107453,108.273362,0,pseudo_absence_easy,
16.10747,108.286884,0,pseudo_absence_easy,
16.107587,108.131456,0,pseudo_absence_easy,
16.108272,108.228852,0,pseudo_absence_easy,
16.108497,108.20666,0,pseudo_absence_easy,
16.108566,108.088078,0,pseudo_absence_easy,
16.109039,108.262834,0,pseudo_absence_easy,
16.10924,108.208051,0,pseudo_absence_easy,
16.109494,108.260301,0,pseudo_absence_easy,
16.109514,108.077164,0,pseudo_absence_easy,
16.10956,108.116202,0,pseudo_absence_hard,
16.110027,108.219163,0,pseudo_absence_easy,
16.110469,108.086856,0,pseudo_absence_easy,
16.110565,108.104156,0,pseudo_absence_easy,
16.11125,108.117784,0,pseudo_absence_hard,
16.111395,108.123085,0,pseudo_absence_hard,
16.111396,108.259369,0,pseudo_absence_easy,
16.111426,108.077681,0,pseudo_absence_easy,
16.111638,108.271212,0,pseudo_absence_easy,
16.11167,108.075474,0,pseudo_absence_easy,
16.111723,108.260539,0,pseudo_absence_easy,
16.112104,108.080028,0,pseudo_absence_easy,
16.112836,108.088403,0,pseudo_absence_easy,
16.112877,108.088383,0,pseudo_absence_easy,
16.113045,108.246897,0,pseudo_absence_easy,
16.113219,108.082258,0,pseudo_absence_easy,
16.113399,108.131637,0,pseudo_absence_hard,
16.113472,108.24602,0,pseudo_absence_easy,
16.113627,108.136384,0,pseudo_absence_hard,
16.113718,108.090686,0,pseudo_absence_easy,
16.113791,108.13209,0,pseudo_absence_hard,
16.113795,108.263336,0,pseudo_absence_easy,
16.113936,108.08377,0,pseudo_absence_easy,
16.114895,108.263873,0,pseudo_absence_easy,
16.115135,108.088803,0,pseudo_absence_easy,
16.115188,108.107414,0,pseudo_absence_easy,
16.115383,108.086543,0,pseudo_absence_easy,
16.115478,108.082028,0,pseudo_absence_easy,
16.1155,108.246948,0,pseudo_absence_easy,
16.115729,108.257137,0,pseudo_absence_easy,
16.115911,108.088082,0,pseudo_absence_easy,
16.115915,108.116508,0,pseudo_absence_hard,
16.116147,108.14123,0,pseudo_absence_easy,
16.116173,108.269691,0,pseudo_absence_easy,
16.116604,108.09681,0,pseudo_absence_easy,
16.117231,108.105592,0,pseudo_absence_easy,
16.117621,108.092585,0,pseudo_absence_easy,
16.11767,108.135385,0,pseudo_absence_hard,
16.117867,108.109638,0,pseudo_absence_easy,
16.11793,108.270095,0,pseudo_absence_easy,
16.118171,108.119052,0,pseudo_absence_hard,
16.118795,108.111588,0,pseudo_absence_easy,
16.119129,108.116135,0,pseudo_absence_easy,
16.119358,108.118788,0,pseudo_absence_hard,
16.119752,108.122039,0,pseudo_absence_hard,
16.119776,108.257357,0,pseudo_absence_easy,
16.119973,108.051125,0,pseudo_absence_easy,
16.120383,108.102989,0,pseudo_absence_easy,
16.12049,108.128587,0,pseudo_absence_hard,
16.120593,108.121013,0,pseudo_absence_hard,
16.121166,108.102095,0,pseudo_absence_easy,
16.121197,108.111681,0,pseudo_absence_easy,
16.121726,108.09299,0,pseudo_absence_easy,
16.122286,108.10782,0,pseudo_absence_easy,
16.123552,108.119519,0,pseudo_absence_hard,
16.123695,108.058779,0,pseudo_absence_easy,
16.124043,108.110917,0,pseudo_absence_easy,
16.124047,108.13359,0,pseudo_absence_hard,
16.124092,108.132579,0,pseudo_absence_hard,
16.12472,108.06272,0,pseudo_absence_easy,
16.124892,108.130957,0,pseudo_absence_hard,
16.125044,108.062314,0,pseudo_absence_easy,
16.125107,108.072645,0,pseudo_absence_easy,
16.126165,108.065643,0,pseudo_absence_hard,
16.126462,108.070891,0,pseudo_absence_hard,
16.126565,108.067956,0,pseudo_absence_hard,
16.126875,108.130271,0,pseudo_absence_easy,
16.127738,108.063625,0,pseudo_absence_hard,
16.127809,108.078832,0,pseudo_absence_easy,
16.127825,108.122357,0,pseudo_absence_easy,
16.12797,108.107161,0,pseudo_absence_easy,
16.128473,108.059635,0,pseudo_absence_easy,
16.128482,108.075277,0,pseudo_absence_hard,
16.129069,108.121964,0,pseudo_absence_easy,
16.129176,108.0666,0,pseudo_absence_hard,
16.129277,108.061868,0,pseudo_absence_hard,
16.129765,108.074731,0,pseudo_absence_hard,
16.130274,108.074024,0,pseudo_absence_hard,
16.130376,108.073505,0,pseudo_absence_hard,
16.131099,108.131336,0,pseudo_absence_easy,
16.131144,108.081231,0,pseudo_absence_easy,
16.131244,108.054459,0,pseudo_absence_hard,
16.131494,108.124075,0,pseudo_absence_easy,
16.131678,108.077673,0,pseudo_absence_hard,
16.132749,108.072232,0,pseudo_absence_hard,
16.132819,108.052532,0,pseudo_absence_hard,
16.133862,108.060794,0,pseudo_absence_hard,
16.133973,108.080967,0,pseudo_absence_easy,
16.134248,108.118297,0,pseudo_absence_easy,
16.134465,108.062937,0,pseudo_absence_hard,
16.134568,108.121612,0,pseudo_absence_easy,
16.135578,108.061241,0,pseudo_absence_hard,
16.135859,108.116178,0,pseudo_absence_easy,
16.136031,108.111469,0,pseudo_absence_easy,
16.136271,108.058202,0,pseudo_absence_hard,
16.136807,108.053248,0,pseudo_absence_hard,
16.137214,108.122832,0,pseudo_absence_easy,
16.137763,108.055567,0,pseudo_absence_hard,
16.138323,108.110057,0,pseudo_absence_easy,
16.138488,108.056113,0,pseudo_absence_hard,
16.138562,108.081734,0,pseudo_absence_easy,
16.139762,108.075203,0,pseudo_absence_hard,
16.139849,108.055065,0,pseudo_absence_hard,
16.1403,108.079276,0,pseudo_absence_easy,
16.140421,108.066588,0,pseudo_absence_hard,
16.140465,108.113314,0,pseudo_absence_easy,
16.140508,108.054145,0,pseudo_absence_hard,
16.141415,108.116616,0,pseudo_absence_easy,
16.141694,108.061228,0,pseudo_absence_hard,
16.142422,108.112102,0,pseudo_absence_easy,
16.142443,108.059108,0,pseudo_absence_hard,
16.142947,108.076828,0,pseudo_absence_hard,
16.143098,108.053444,0,pseudo_absence_hard,
16.143188,108.060045,0,pseudo_absence_hard,
16.143406,108.057073,0,pseudo_absence_hard,
16.14383,108.05013,0,pseudo_absence_hard,
16.14395,108.055403,0,pseudo_absence_hard,
16.1441,108.130184,0,pseudo_absence_easy,
16.144639,108.051091,0,pseudo_absence_hard,
16.144831,108.113416,0,pseudo_absence_easy,
16.144863,108.129783,0,pseudo_absence_easy,
16.145111,108.110343,0,pseudo_absence_easy,
16.145626,108.056644,0,pseudo_absence_hard,
16.146076,108.069686,0,pseudo_absence_hard,
16.146116,108.116149,0,pseudo_absence_easy,
16.146317,108.072261,0,pseudo_absence_hard,
16.146423,108.066237,0,pseudo_absence_hard,
16.146691,108.121135,0,pseudo_absence_easy,
16.147795,108.069436,0,pseudo_absence_easy,
16.147829,108.129789,0,pseudo_absence_easy,
16.147905,108.129054,0,pseudo_absence_easy,
16.147945,108.053076,0,pseudo_absence_hard,
16.148691,108.110232,0,pseudo_absence_easy,
16.148877,108.113296,0,pseudo_absence_easy,
16.150008,108.104714,0,pseudo_absence_easy,
16.150689,108.111199,0,pseudo_absence_easy,
16.152782,108.114356,0,pseudo_absence_easy,
16.152855,108.133409,0,pseudo_absence_easy,
16.153614,108.125741,0,pseudo_absence_easy,
16.153716,108.109585,0,pseudo_absence_easy,
16.154159,108.130623,0,pseudo_absence_easy,
16.154239,108.12384,0,pseudo_absence_easy,
16.156257,108.113346,0,pseudo_absence_easy,
16.156361,108.130623,0,pseudo_absence_easy,
16.1573,108.120346,0,pseudo_absence_easy,
16.157454,108.130383,0,pseudo_absence_easy,
16.158754,108.12774,0,pseudo_absence_easy,
16.159401,108.127083,0,pseudo_absence_easy,
16.159401,108.129288,0,pseudo_absence_easy,
15.959939,108.178169,1,oct14_2022,150
15.969916,108.182893,1,chronic,10
15.970396,108.155273,1,oct14_2022,50
15.975939,108.196571,1,chronic,10
15.979643,108.125206,1,oct14_2022,50
15.980498,108.083984,1,oct14_2022,150
15.982056,108.162654,1,chronic,30
15.983061,108.15564,1,oct14_2022,250
15.983114,108.19088,1,oct14_2022,120
15.984522,108.130135,1,oct14_2022,250
15.985037,108.145203,1,oct14_2022,150
15.986059,108.075417,1,oct14_2022,120
15.987062,108.174782,1,oct14_2022,150
15.989765,108.148651,1,oct14_2022,250
15.992652,108.138176,1,oct14_2022,250
15.992708,108.266106,1,oct14_2022,50
15.995071,108.194797,1,chronic,10
15.995774,108.12719,1,oct14_2022,200
15.996392,108.063156,1,oct14_2022,120
15.996528,108.132362,1,oct14_2022,300
15.99657,108.199459,1,chronic,30
15.997741,108.078163,1,oct14_2022,60
15.999225,108.121178,1,oct14_2022,120
15.99999,108.19085,1,chronic,35
16.000231,108.184494,1,oct14_2022,70
16.000374,108.190918,1,oct14_2022,200
16.000418,108.191002,1,oct14_2022,100
16.000629,108.090302,1,oct14_2022,200
16.000666,108.240343,1,chronic,5
16.00575,108.224618,1,oct14_2022,90
16.005888,108.195165,1,oct14_2022,40
16.005959,108.140182,1,oct14_2022,120
16.00606,108.193481,1,oct14_2022,100
16.006079,108.123535,1,oct14_2022,250
16.006092,108.112723,1,chronic,100
16.006201,108.195525,1,oct14_2022,50
16.007345,108.117554,1,oct14_2022,200
16.007351,108.195342,1,oct14_2022,40
16.008605,108.216194,1,oct14_2022,100
16.008723,108.223115,1,oct14_2022,100
16.009926,108.193609,1,oct14_2022,40
16.010345,108.109116,1,oct14_2022,100
16.01037,108.197732,1,oct14_2022,150
16.01071,108.197425,1,oct14_2022,150
16.011007,108.195483,1,oct14_2022,250
16.011033,108.224981,1,oct14_2022,90
16.011071,108.197366,1,oct14_2022,150
16.011289,108.221413,1,oct14_2022,100
16.011412,108.222236,1,oct14_2022,100
16.011562,108.18557,1,oct14_2022,100
16.011747,108.198395,1,oct14_2022,250
16.011906,108.21782,1,oct14_2022,90
16.011929,108.174482,1,oct14_2022,100
16.012027,108.198201,1,oct14_2022,180
16.012248,108.197729,1,oct14_2022,180
16.012865,108.221938,1,oct14_2022,90
16.014157,108.204203,1,oct14_2022,100
16.014182,108.198512,1,oct14_2022,200
16.014769,108.20373,1,oct14_2022,100
16.014965,108.131905,1,oct14_2022,200
16.015506,108.199074,1,oct14_2022,100
16.015747,108.209209,1,oct14_2022,50
16.015865,108.195518,1,oct14_2022,150
16.015955,108.254272,1,oct14_2022,50
16.016006,108.201778,1,oct14_2022,200
16.016088,108.13427,1,oct14_2022,300
16.016176,108.201213,1,oct14_2022,100
16.016182,108.232739,1,oct14_2022,90
16.01631,108.195264,1,oct14_2022,100
16.01668,108.198518,1,oct14_2022,200
16.016793,108.195176,1,oct14_2022,100
16.016951,108.195593,1,oct14_2022,100
16.017234,108.200893,1,oct14_2022,100
16.018531,108.212618,1,oct14_2022,30
16.019603,108.252384,1,oct14_2022,60
16.019734,108.23375,1,oct14_2022,30
16.019923,108.206825,1,oct14_2022,30
16.020957,108.203383,1,oct14_2022,40
16.021599,108.191315,1,oct14_2022,50
16.021821,108.208949,1,oct14_2022,30
16.021888,108.209437,1,oct14_2022,30
16.023109,108.20209,1,oct14_2022,50
16.023608,108.206777,1,oct14_2022,50
16.024204,108.212221,1,oct14_2022,30
16.024533,108.215139,1,oct14_2022,40
16.024565,108.249748,1,oct14_2022,30
16.024645,108.250063,1,oct14_2022,50
16.025224,108.215108,1,oct14_2022,30
16.026253,108.220963,1,oct14_2022,50
16.026889,108.188844,1,oct14_2022,100
16.027844,108.189637,1,oct14_2022,50
16.028966,108.186217,1,oct14_2022,50
16.02923,108.226875,1,oct14_2022,50
16.030908,108.237424,1,chronic,10
16.031881,108.242973,1,oct14_2022,30
16.031996,108.179543,1,oct14_2022,100
16.032312,108.218704,1,oct14_2022,50
16.032403,108.179302,1,oct14_2022,50
16.032473,108.187881,1,oct14_2022,50
16.032636,108.208222,1,oct14_2022,30
16.033055,108.223181,1,chronic,10
16.034136,108.213841,1,oct14_2022,40
16.034425,108.218524,1,chronic,10
16.035159,108.184479,1,oct14_2022,100
16.03528,108.214264,1,oct14_2022,40
16.035742,108.218349,1,chronic,10
16.036302,108.209578,1,oct14_2022,40
16.036657,108.218216,1,oct14_2022,50
16.036725,108.222861,1,chronic,10
16.036749,108.222903,1,chronic,25
16.038103,108.2191,1,oct14_2022,50
16.038304,108.243466,1,oct14_2022,30
16.038375,108.249452,1,oct14_2022,30
16.038774,108.237226,1,oct14_2022,100
16.038924,108.215709,1,oct14_2022,50
16.039158,108.21858,1,oct14_2022,50
16.039722,108.181928,1,chronic,35
16.039792,108.212234,1,oct14_2022,50
16.039946,108.220949,1,oct14_2022,50
16.040442,108.242455,1,oct14_2022,100
16.040617,108.182671,1,oct14_2022,130
16.040634,108.221802,1,oct14_2022,50
16.040948,108.211216,1,oct14_2022,50
16.041316,108.220731,1,oct14_2022,50
16.042005,108.183338,1,oct14_2022,200
16.042099,108.185074,1,oct14_2022,150
16.042426,108.212425,1,oct14_2022,50
16.042747,108.206451,1,oct14_2022,100
16.042812,108.212992,1,oct14_2022,50
16.043234,108.212723,1,oct14_2022,50
16.043468,108.178737,1,oct14_2022,90
16.043568,108.105667,1,oct14_2022,150
16.043659,108.207436,1,oct14_2022,100
16.043708,108.218757,1,oct14_2022,50
16.043732,108.207805,1,chronic,10
16.043913,108.211462,1,oct14_2022,50
16.044189,108.207962,1,oct14_2022,100
16.044302,108.206423,1,chronic,10
16.044662,108.216924,1,oct14_2022,50
16.046675,108.169063,1,oct14_2022,180
16.04714,108.070908,1,oct14_2022,150
16.04789,108.181656,1,oct14_2022,200
16.048267,108.147146,1,chronic,100
16.048637,108.103973,1,oct14_2022,150
16.048757,108.169891,1,oct14_2022,180
16.049157,108.217899,1,oct14_2022,50
16.049305,108.174515,1,oct14_2022,100
16.050434,108.178291,1,oct14_2022,250
16.050447,108.172592,1,oct14_2022,50
16.050855,108.216126,1,oct14_2022,50
16.051414,108.163075,1,chronic,70
16.052579,108.220012,1,oct14_2022,50
16.052915,108.15943,1,oct14_2022,100
16.052977,108.172928,1,oct14_2022,100
16.053165,108.173569,1,oct14_2022,100
16.053571,108.219193,1,oct14_2022,50
16.053729,108.187005,1,oct14_2022,50
16.054085,108.21743,1,oct14_2022,50
16.054174,108.188345,1,chronic,60
16.054277,108.176956,1,oct14_2022,250
16.054281,108.177438,1,oct14_2022,150
16.054285,108.176956,1,oct14_2022,70
16.054456,108.071722,1,chronic,10
16.054541,108.177858,1,chronic,40
16.05462,108.176192,1,oct14_2022,120
16.054958,108.183167,1,oct14_2022,50
16.054991,108.217278,1,oct14_2022,50
16.055168,108.163689,1,oct14_2022,300
16.055457,108.220587,1,oct14_2022,50
16.055469,108.175517,1,oct14_2022,50
16.05556,108.22154,1,chronic,55
16.055584,108.174133,1,oct14_2022,100
16.055689,108.244148,1,oct14_2022,50
16.056128,108.175728,1,oct14_2022,70
16.056129,108.21711,1,oct14_2022,50
16.0564,108.09068,1,chronic,100
16.056468,108.221084,1,oct14_2022,50
16.056482,108.217056,1,oct14_2022,50
16.056519,108.117645,1,oct14_2022,150
16.056557,108.172249,1,oct14_2022,40
16.056822,108.206932,1,oct14_2022,50
16.056957,108.209961,1,oct14_2022,50
16.05703,108.218826,1,oct14_2022,50
16.057249,108.2099,1,oct14_2022,50
16.057613,108.243115,1,oct14_2022,50
16.057736,108.172294,1,oct14_2022,100
16.058088,108.212723,1,oct14_2022,80
16.058097,108.176358,1,oct14_2022,90
16.058237,108.185341,1,oct14_2022,50
16.058324,108.183332,1,oct14_2022,100
16.058481,108.174538,1,oct14_2022,150
16.05857,108.175165,1,oct14_2022,0
16.058716,108.172828,1,chronic,20
16.058777,108.231758,1,oct14_2022,50
16.058884,108.175205,1,oct14_2022,150
16.058941,108.209526,1,oct14_2022,70
16.059013,108.207359,1,oct14_2022,50
16.05909,108.183808,1,oct14_2022,150
16.059119,108.175579,1,oct14_2022,150
16.059493,108.17542,1,oct14_2022,160
16.059568,108.174272,1,oct14_2022,100
16.059656,108.186569,1,oct14_2022,150
16.059847,108.211143,1,oct14_2022,70
16.059951,108.235026,1,oct14_2022,70
16.060049,108.210759,1,oct14_2022,150
16.060278,108.214302,1,oct14_2022,80
16.060291,108.209328,1,oct14_2022,50
16.060342,108.215033,1,oct14_2022,50
16.060348,108.212976,1,oct14_2022,40
16.060583,108.211098,1,oct14_2022,50
16.06059,108.185007,1,oct14_2022,170
16.060661,108.210777,1,oct14_2022,150
16.060806,108.220245,1,oct14_2022,50
16.060848,108.221107,1,oct14_2022,50
16.060858,108.210922,1,oct14_2022,120
16.060883,108.231583,1,oct14_2022,50
16.060898,108.209297,1,oct14_2022,150
16.060904,108.223763,1,oct14_2022,50
16.060923,108.21138,1,oct14_2022,60
16.060955,108.211639,1,oct14_2022,60
16.060983,108.184387,1,oct14_2022,170
16.061187,108.212021,1,oct14_2022,50
16.061562,108.191345,1,oct14_2022,100
16.061596,108.209129,1,oct14_2022,150
16.061615,108.209198,1,oct14_2022,150
16.06179,108.209473,1,oct14_2022,100
16.061917,108.210927,1,oct14_2022,60
16.061987,108.183762,1,oct14_2022,170
16.06206,108.161421,1,chronic,30
16.062255,108.18448,1,oct14_2022,170
16.062294,108.210258,1,oct14_2022,50
16.062532,108.209977,1,oct14_2022,100
16.062648,108.209036,1,oct14_2022,150
16.062662,108.191826,1,oct14_2022,100
16.062677,108.21196,1,oct14_2022,80
16.062741,108.180548,1,oct14_2022,150
16.062799,108.209508,1,chronic,30
16.062807,108.213989,1,oct14_2022,80
16.063151,108.217167,1,oct14_2022,50
16.063423,108.243988,1,oct14_2022,120
16.063623,108.211601,1,oct14_2022,100
16.063707,108.214172,1,oct14_2022,80
16.064091,108.214226,1,oct14_2022,80
16.064388,108.210113,1,oct14_2022,100
16.064423,108.213722,1,oct14_2022,80
16.064477,108.166875,1,oct14_2022,120
16.064478,108.21431,1,oct14_2022,80
16.064484,108.214272,1,oct14_2022,50
16.064548,108.179012,1,oct14_2022,275
16.064598,108.211243,1,oct14_2022,120
16.064611,108.240637,1,oct14_2022,50
16.064708,108.198288,1,oct14_2022,50
16.064773,108.217628,1,oct14_2022,50
16.064796,108.235035,1,oct14_2022,80
16.064892,108.210449,1,oct14_2022,120
16.065296,108.214353,1,oct14_2022,50
16.065611,108.215545,1,oct14_2022,50
16.06567,108.240331,1,oct14_2022,40
16.065918,108.200386,1,oct14_2022,140
16.065981,108.241725,1,oct14_2022,40
16.065991,108.215649,1,oct14_2022,50
16.066061,108.198471,1,oct14_2022,10
16.066219,108.20858,1,oct14_2022,100
16.066222,108.191776,1,oct14_2022,70
16.066239,108.233083,1,oct14_2022,100
16.066251,108.174651,1,oct14_2022,200
16.066254,108.190331,1,oct14_2022,150
16.066278,108.210194,1,oct14_2022,120
16.066296,108.209007,1,oct14_2022,100
16.066374,108.210101,1,oct14_2022,100
16.066383,108.209106,1,oct14_2022,60
16.066396,108.241861,1,oct14_2022,40
16.066428,108.241763,1,oct14_2022,40
16.066435,108.209442,1,oct14_2022,50
16.066463,108.230476,1,oct14_2022,120
16.066504,108.209839,1,oct14_2022,50
16.06654,108.193535,1,oct14_2022,50
16.06659,108.21015,1,chronic,10
16.066612,108.210938,1,oct14_2022,100
16.066613,108.240773,1,oct14_2022,40
16.066637,108.21093,1,oct14_2022,80
16.066684,108.21798,1,oct14_2022,50
16.066767,108.211655,1,oct14_2022,50
16.066817,108.24181,1,oct14_2022,40
16.066875,108.216579,1,oct14_2022,50
16.066959,108.242745,1,oct14_2022,40
16.066969,108.182337,1,oct14_2022,100
16.067069,108.216025,1,oct14_2022,50
16.067102,108.240104,1,oct14_2022,40
16.067104,108.190697,1,oct14_2022,80
16.067154,108.191948,1,oct14_2022,70
16.067158,108.214932,1,oct14_2022,50
16.067368,108.166785,1,chronic,60
16.067383,108.190872,1,oct14_2022,50
16.067393,108.166813,1,chronic,50
16.067413,108.20306,1,chronic,10
16.067463,108.198708,1,oct14_2022,50
16.067516,108.198708,1,oct14_2022,150
16.067663,108.208321,1,oct14_2022,70
16.067749,108.231316,1,oct14_2022,30
16.06776,108.208389,1,oct14_2022,50
16.067835,108.191582,1,oct14_2022,80
16.06787,108.190525,1,oct14_2022,70
16.067932,108.201645,1,oct14_2022,50
16.067984,108.210098,1,oct14_2022,50
16.068034,108.151282,1,oct14_2022,100
16.06812,108.217469,1,oct14_2022,50
16.068144,108.192096,1,oct14_2022,100
16.06832,108.151157,1,oct14_2022,100
16.068336,108.19648,1,oct14_2022,50
16.068401,108.195496,1,oct14_2022,50
16.06842,108.23056,1,oct14_2022,20
16.06847,108.151246,1,oct14_2022,100
16.068521,108.243938,1,oct14_2022,50
16.06856,108.243546,1,oct14_2022,50
16.06878,108.244562,1,oct14_2022,50
16.068825,108.182802,1,oct14_2022,100
16.068886,108.191795,1,oct14_2022,40
16.068966,108.176208,1,oct14_2022,126
16.069103,108.209142,1,oct14_2022,60
16.069125,108.209719,1,oct14_2022,100
16.069393,108.182276,1,oct14_2022,100
16.069692,108.211718,1,oct14_2022,30
16.069799,108.181793,1,oct14_2022,100
16.069851,108.184563,1,oct14_2022,150
16.069937,108.209572,1,oct14_2022,20
16.069962,108.186035,1,chronic,25
16.070124,108.188204,1,oct14_2022,150
16.070292,108.215019,1,oct14_2022,50
16.070394,108.233602,1,oct14_2022,50
16.070747,108.185349,1,oct14_2022,150
16.070805,108.233047,1,oct14_2022,120
16.070853,108.209734,1,oct14_2022,30
16.07093,108.195328,1,oct14_2022,150
16.071087,108.185471,1,oct14_2022,50
16.071259,108.156865,1,chronic,50
16.071486,108.21677,1,oct14_2022,50
16.071605,108.224766,1,oct14_2022,50
16.071714,108.213158,1,oct14_2022,100
16.071878,108.205376,1,oct14_2022,150
16.071918,108.182014,1,oct14_2022,100
16.072173,108.172805,1,oct14_2022,110
16.073547,108.213928,1,oct14_2022,100
16.073595,108.177376,1,oct14_2022,45
16.07384,108.22454,1,chronic,30
16.074423,108.238724,1,oct14_2022,100
16.074661,108.140749,1,chronic,10
16.074669,108.174849,1,chronic,30
16.075699,108.175418,1,chronic,10
16.0768,108.146952,1,chronic,40
16.077284,108.22284,1,chronic,10
16.077784,108.172852,1,oct14_2022,90
16.078618,108.230382,1,oct14_2022,150
16.079642,108.228927,1,oct14_2022,30
16.080028,108.215291,1,oct14_2022,50
16.080167,108.21135,1,oct14_2022,50
16.081241,108.215937,1,chronic,10
16.081343,108.212645,1,oct14_2022,50
16.081778,108.146843,1,oct14_2022,100
16.081799,108.216316,1,oct14_2022,50
16.081826,108.215858,1,oct14_2022,50
16.081945,108.231462,1,oct14_2022,100
16.082005,108.242983,1,oct14_2022,50
16.08229,108.242986,1,oct14_2022,50
16.082367,108.217774,1,oct14_2022,50
16.082909,108.218314,1,oct14_2022,50
16.083554,108.244274,1,oct14_2022,50
16.083629,108.216483,1,oct14_2022,50
16.084385,108.219739,1,oct14_2022,50
16.084652,108.142342,1,oct14_2022,100
16.08467,108.247703,1,oct14_2022,50
16.085414,108.215902,1,oct14_2022,50
16.085604,108.232527,1,oct14_2022,20
16.086563,108.2416,1,oct14_2022,70
16.086699,108.24102,1,oct14_2022,120
16.086905,108.241631,1,oct14_2022,70
16.088053,108.143677,1,oct14_2022,100
16.0881,108.235225,1,oct14_2022,40
16.088785,108.23548,1,oct14_2022,40
16.089083,108.234482,1,oct14_2022,60
16.089127,108.242416,1,oct14_2022,100
16.0892,108.235713,1,oct14_2022,40
16.089252,108.233841,1,oct14_2022,60
16.089326,108.234291,1,oct14_2022,80
16.089336,108.246574,1,oct14_2022,60
16.08942,108.24408,1,oct14_2022,50
16.08946,108.23209,1,chronic,10
16.089548,108.23556,1,oct14_2022,40
16.089853,108.235348,1,oct14_2022,80
16.089975,108.245887,1,oct14_2022,100
16.090431,108.24279,1,oct14_2022,100
16.090647,108.24308,1,oct14_2022,100
16.090819,108.233977,1,oct14_2022,50
16.09112,108.243134,1,oct14_2022,100
16.091543,108.233201,1,oct14_2022,80
16.091667,108.233385,1,oct14_2022,50
16.091714,108.245848,1,oct14_2022,60
16.09176,108.234887,1,oct14_2022,80
16.091773,108.231031,1,oct14_2022,50
16.092038,108.232573,1,oct14_2022,50
16.092179,108.230813,1,oct14_2022,50
16.092804,108.234901,1,oct14_2022,50
16.092826,108.231153,1,oct14_2022,50
16.09291,108.234343,1,oct14_2022,50
16.092939,108.231055,1,oct14_2022,30
16.092963,108.233199,1,oct14_2022,50
16.092989,108.23459,1,oct14_2022,50
16.093178,108.23348,1,oct14_2022,50
16.093336,108.2308,1,oct14_2022,60
16.093803,108.234134,1,oct14_2022,50
16.094269,108.2343,1,oct14_2022,50
16.094442,108.233783,1,oct14_2022,50
16.094848,108.228745,1,oct14_2022,80
16.095833,108.224464,1,oct14_2022,40
16.096544,108.249939,1,chronic,11
16.097841,108.224539,1,oct14_2022,60
16.099363,108.249094,1,oct14_2022,120
16.100317,108.250698,1,oct14_2022,50
16.100376,108.251411,1,oct14_2022,50
16.100403,108.253662,1,oct14_2022,200
16.100696,108.250946,1,oct14_2022,60
16.100855,108.254214,1,oct14_2022,60
16.10248,108.250374,1,oct14_2022,100
16.104256,108.254491,1,oct14_2022,40
16.104448,108.253503,1,chronic,13
16.104589,108.251991,1,oct14_2022,130
16.110571,108.127075,1,oct14_2022,150
16.116129,108.127136,1,oct14_2022,120
16.136461,108.068771,1,oct14_2022,450
16.138968,108.050079,1,oct14_2022,200
